FECHA ID;categoría;Referencia;Precio Inventario
31122020;K;90001011           ;392,98
31122020;K;90001014           ;19.299,92
31122020;K;90001018           ;849
31122020;K;90001019           ;2.840
31122020;K;9000104            ;1.336
31122020;K;90001043           ;2.725,22
31122020;K;90001045           ;878,87
31122020;K;90001049           ;16.110,67
31122020;K;90001050           ;70
31122020;K;90001062           ;403,4
31122020;K;90001063           ;171
31122020;K;90001075           ;249,98
31122020;K;9000117            ;290,35
31122020;K;9000120            ;420,74
31122020;K;9000124            ;290,78
31122020;K;9000125            ;191,65
31122020;K;9000142            ;9.594,24
31122020;K;9000143            ;22.629,82
31122020;K;9000145            ;757,99
31122020;K;9000146            ;124
31122020;K;9000153            ;16.622,02
31122020;K;9000155            ;10.775,19
31122020;K;9000163            ;1.292,91
31122020;K;9000164            ;929,96
31122020;K;9000179            ;965,09
31122020;K;9000202            ;3.709,4
31122020;K;9000204            ;5.587,55
31122020;K;9000205            ;319,96
31122020;K;9000209            ;6.000
31122020;K;9000210            ;8.049,59
31122020;K;9000211            ;2.800,04
31122020;K;9000212            ;2.100,03
31122020;K;9000217            ;250,16
31122020;K;9000301            ;29.000
31122020;K;9001104            ;640
31122020;A;140001011/C        ;3.491,83
31122020;A;140101005/C        ;3.583,41
31122020;A;140101011/C        ;3.614,2
31122020;A;140901010/C        ;10.158,47
31122020;A;810001005          ;16.441,6
31122020;A;810001006          ;16.566,48
31122020;A;810001006/R        ;19.226,6
31122020;A;810001010          ;15.340,51
31122020;A;810001011          ;16.347,21
31122020;A;810101006          ;17.094,81
31122020;A;810201005          ;17.046,65
31122020;A;810201006          ;19.485,82
31122020;A;810201010          ;14.276,63
31122020;A;810201011          ;15.832,76
31122020;A;810301005          ;7.388,14
31122020;A;810301005/R        ;8.469,34
31122020;A;810301006          ;3.323,28
31122020;A;810301010          ;9.745,42
31122020;A;810401005          ;9.295,13
31122020;A;810401010          ;13.861,76
31122020;A;810401011          ;12.854,14
31122020;A;810501010          ;24.275,76
31122020;A;811201010          ;5.778,27
31122020;A;811301010          ;5.774,36
31122020;C;140001011          ;3.472,89
31122020;C;140101005          ;3.614,74
31122020;C;140101005/R        ;4.202,9
31122020;C;140101006          ;2.356,73
31122020;C;140101011          ;3.454,68
31122020;C;140201005          ;3.189,09
31122020;C;140201006          ;1.311,01
31122020;C;140301005          ;293,65
31122020;C;140301006          ;535,78
31122020;C;140301010          ;2.824,83
31122020;C;140401005          ;249,12
31122020;C;140401010          ;482,8
31122020;C;140401011          ;9.139,43
31122020;C;140501005          ;753,23
31122020;C;140501010          ;1.361,14
31122020;C;140801006          ;3.319,58
31122020;C;140901006          ;1.091,31
31122020;C;140901010          ;9.309,43
31122020;C;141001006          ;713,75
31122020;C;141001010          ;346,59
31122020;C;141101010          ;584,25
31122020;C;141301010          ;588,29
31122020;C;141401006          ;3.315,69
31122020;C;141501006          ;881,41
31122020;C;141601006          ;513,22
31122020;C;141701006          ;505,15
31122020;C;141801010          ;2.191,25
31122020;C;141901010          ;243,88
31122020;C;142001010          ;1.120,4
31122020;C;142801010          ;586,27
31122020;C;142901010          ;570,13
31122020;C;143001010          ;2.108,99
31122020;C;143101010          ;2.108,99
31122020;C;143401010          ;1.974,77
31122020;C;143601010          ;1.938,35
31122020;C;144401010          ;2.055,84
31122020;C;146001010          ;2.176,24
31122020;C;146101010          ;2.180,15
31122020;C;805701010          ;8.392,88
31122020;C;806101010          ;6.755,34
31122020;I;130101001          ;17,01
31122020;I;130101006          ;0
31122020;I;130201006          ;22,48
31122020;I;140201011          ;154,9
31122020;I;140301011          ;109,89
31122020;I;140501006          ;79,9
31122020;I;140501011          ;220,3
31122020;I;140601005          ;122,51
31122020;I;140601006          ;64,69
31122020;I;140601010          ;146,92
31122020;I;140601011          ;72,49
31122020;I;140701001          ;129,83
31122020;I;140701005          ;145,46
31122020;I;140701006          ;78,91
31122020;I;140701010          ;140,2
31122020;I;140701011          ;68,88
31122020;I;140801001          ;87,32
31122020;I;140801005          ;121,19
31122020;I;140801010          ;137,9
31122020;I;140801011          ;121,8
31122020;I;140901001          ;123,51
31122020;I;140901005          ;137,49
31122020;I;141001001          ;98,39
31122020;I;141001005          ;74,02
31122020;I;141101001          ;79,99
31122020;I;141101006          ;72,49
31122020;I;141201001          ;79,19
31122020;I;141201006          ;48,92
31122020;I;141201010          ;499,96
31122020;I;141301001          ;135,54
31122020;I;141301006          ;80,28
31122020;I;141401010          ;105,3
31122020;I;141501010          ;91,5
31122020;I;141601010          ;89,1
31122020;I;141701010          ;81,5
31122020;I;141801006          ;155,61
31122020;I;141901006          ;90,52
31122020;I;142001006          ;76,91
31122020;I;142101010          ;183,91
31122020;I;142201010          ;183,53
31122020;I;143201010          ;701,36
31122020;I;143301010          ;701,49
31122020;I;144601010          ;100
31122020;I;800101001          ;6.689,97
31122020;I;800101010          ;0
31122020;I;900101001          ;128,27
31122020;I;100101002          ;0
31122020;I;100101005          ;1.397,63
31122020;I;100101006          ;2.017,06
31122020;I;100101010          ;1.300,68
31122020;I;100201005          ;1.483,11
31122020;I;100201006          ;1.750
31122020;I;100301005          ;3.161,23
31122020;K;90001058           ;551,32
31122020;A;81002006A          ;19.571,19
31122020;A;81002011           ;3.182,57
31122020;A;81002012           ;4.003,55
31122020;A;81002014           ;21.455,26
31122020;A;81002015           ;24.032,48
31122020;A;81002016           ;21.498,49
31122020;A;81002018           ;23.887,93
31122020;A;81002019           ;23.575,67
31122020;A;81002022           ;22.764,59
31122020;A;81002024           ;26.239,34
31122020;A;81002025           ;4.810,43
31122020;C;13012006           ;575,8
31122020;C;13012015           ;570,34
31122020;C;13012018           ;690,72
31122020;C;13012022           ;373,93
31122020;C;13022006           ;491
31122020;C;13032014           ;514,8
31122020;C;13042006           ;542,49
31122020;C;13062014           ;337,61
31122020;C;13072000           ;711,92
31122020;C;13072014           ;487,01
31122020;C;80012022           ;1.056,6
31122020;C;80022015           ;1.002,22
31122020;C;80052014           ;742,42
31122020;C;80082006           ;724,74
31122020;C;80012006           ;691,81
31122020;C;80012014           ;634,81
31122020;C;80022006           ;603,7
31122020;C;80022018           ;805,72
31122020;C;80022022           ;1.136,6
31122020;C;80032014           ;640,71
31122020;C;80032015           ;1.189,52
31122020;C;80042006           ;630,69
31122020;C;80062014           ;822,42
31122020;C;80072000           ;835,62
31122020;C;80092006           ;804,74
31122020;I;13012000           ;345,91
31122020;I;13012012           ;604,07
31122020;I;13012023           ;1.500
31122020;I;13022000           ;192,11
31122020;I;13022014           ;76,8
31122020;I;13022022           ;265
31122020;I;13032000           ;230,45
31122020;I;13042000           ;110,2
31122020;I;13052000           ;165,62
31122020;I;13052006           ;364,7
31122020;I;13062000           ;47,98
31122020;I;13082006           ;658,9
31122020;I;13092006           ;54,01
31122020;I;13142006           ;27,19
31122020;I;13152006           ;499,17
31122020;I;13162000           ;88,8
31122020;I;13202006           ;69,88
31122020;I;13222000           ;228,51
31122020;I;13242000           ;56,46
31122020;I;13252000A          ;9,85
31122020;I;13292000           ;132,91
31122020;I;13302000           ;134,99
31122020;I;14012006A          ;442,69
31122020;I;14012012           ;116,65
31122020;I;14012014           ;191,75
31122020;I;14042000           ;444,26
31122020;I;14042006           ;125,51
31122020;I;14052006           ;40,7
31122020;I;14092000           ;36,17
31122020;I;14152000           ;22,4
31122020;I;14182000           ;27,78
31122020;I;14192000           ;88,59
31122020;I;15012000           ;73,5
31122020;I;15022006           ;140
31122020;I;80012012           ;1.623,01
31122020;I;80012013           ;1.525,98
31122020;I;80012015           ;2.390,25
31122020;I;80012018           ;2.981,02
31122020;I;80042014           ;2.824,99
31122020;I;80052006A          ;1.565,04
31122020;I;80062006           ;1.131
31122020;I;10012006           ;505
31122020;I;10012008           ;555
31122020;I;10032006           ;542
31122020;I;10042006           ;542
31122020;I;10072000           ;505
31122020;I;10082000           ;542
31122020;I;10102000           ;522
31122020;A;810208020/C        ;3.499,16
31122020;A;810308020/C        ;4.033,44
31122020;C;140008020          ;1.279,66
31122020;C;140108020          ;1.279,66
31122020;C;140208020          ;1.279,66
31122020;C;140308020          ;886,32
31122020;I;130108020          ;41,3
31122020;I;130208020          ;77,4
31122020;I;130803002          ;48,14
31122020;I;100108020          ;0
31122020;A;81004006           ;14.892,63
31122020;C;14014003           ;1.349
31122020;C;14084006           ;683,87
31122020;C;80034006           ;3.838,83
31122020;I;13034001           ;185,98
31122020;I;13054001           ;30
31122020;I;14024001           ;119,9
31122020;I;14034003           ;506,2
31122020;I;14044001           ;24,12
31122020;I;14054003           ;22,91
31122020;I;14064004           ;27,79
31122020;I;14094001           ;232,55
31122020;I;80014001           ;1.070,1
31122020;I;80014006           ;1.070
31122020;I;80064008           ;147,29
31122020;I;10014001           ;1.799,98
31122020;I;10014003           ;9.915,04
31122020;I;10024001           ;5.211,89
31122020;A;8100545A           ;32.819,36
31122020;A;8100549B           ;35.173,84
31122020;A;8100551/R          ;17.490,63
31122020;A;8100568A           ;15.395,08
31122020;A;8100584            ;16.154,87
31122020;A;8100585            ;16.754,98
31122020;A;8100590            ;9.121,83
31122020;A;8100591            ;9.230,29
31122020;A;8100598A           ;13.750,34
31122020;A;9501549/R          ;271,39
31122020;A;1303504            ;0
31122020;A;1304502            ;0
31122020;A;1409598            ;99,1
31122020;C;1301554            ;837,24
31122020;C;1301584            ;429,21
31122020;C;1301585            ;409,28
31122020;C;1301590            ;491,21
31122020;C;1302554            ;754,44
31122020;C;1314584            ;425,91
31122020;C;1316554            ;586,14
31122020;C;8001590            ;4.149,81
31122020;C;8004584            ;2.945,68
31122020;C;8201526            ;531,85
31122020;C;8201530            ;1.119,19
31122020;C;8203530            ;551,25
31122020;C;8204530            ;296,43
31122020;C;8401530            ;6.116,02
31122020;C;8402530            ;923,41
31122020;C;9510549            ;31.143,26
31122020;C;1303598            ;115,7
31122020;C;8005549            ;3.527,67
31122020;I;1301527            ;150,01
31122020;I;1301530            ;173,13
31122020;I;1301545            ;2.002,02
31122020;I;1301582            ;11,01
31122020;I;1301598            ;2.522,09
31122020;I;1301598A           ;2.562,46
31122020;I;1302527            ;115,99
31122020;I;1302530            ;342,49
31122020;I;1302544            ;14
31122020;I;1302545            ;294,38
31122020;I;1302556            ;129,1
31122020;I;1302584            ;1.605,95
31122020;I;1302585            ;2.114,65
31122020;I;1302598A           ;2.214,32
31122020;I;1303526            ;229,6
31122020;I;1303530            ;43,83
31122020;I;1303556            ;129,07
31122020;I;1303584            ;162,49
31122020;I;1303585            ;32,05
31122020;I;1304501            ;668,17
31122020;I;1304526            ;430
31122020;I;1304527            ;386,92
31122020;I;1304530            ;163,53
31122020;I;1304549            ;46,55
31122020;I;1304584            ;897,66
31122020;I;1304598            ;185,39
31122020;I;1305526            ;26,6
31122020;I;1305549            ;941,51
31122020;I;1305584            ;155,33
31122020;I;1305598            ;145,34
31122020;I;1306502            ;43,19
31122020;I;1306526            ;140,12
31122020;I;1306527            ;120,01
31122020;I;1306549            ;54,1
31122020;I;1306598            ;129,33
31122020;I;1306598A           ;129,34
31122020;I;1307501            ;18,11
31122020;I;1307526            ;69
31122020;I;1307527            ;214,51
31122020;I;1307530            ;490
31122020;I;1307549            ;631,3
31122020;I;1307584            ;151,5
31122020;I;1307598            ;311,05
31122020;I;1308511            ;74,91
31122020;I;1308530            ;164,38
31122020;I;1308549            ;115,89
31122020;I;1308584            ;28,84
31122020;I;1308598            ;105,86
31122020;I;1309512            ;13,24
31122020;I;1309530            ;147,68
31122020;I;1309549            ;15,95
31122020;I;1309584            ;122,1
31122020;I;1309598            ;104,84
31122020;I;1310526            ;164
31122020;I;1310527            ;40,9
31122020;I;1310530            ;164,49
31122020;I;1310549            ;130
31122020;I;1310584            ;179,77
31122020;I;1310598            ;195,36
31122020;I;1310598A           ;56,63
31122020;I;1311530            ;13,1
31122020;I;1311549            ;28,69
31122020;I;1311584            ;32,04
31122020;I;1311598            ;30,76
31122020;I;1312530            ;7
31122020;I;1312584            ;10
31122020;I;1312598            ;10
31122020;I;1313530            ;7,01
31122020;I;1313551            ;27,2
31122020;I;1313584            ;151,22
31122020;I;1313598            ;22,86
31122020;I;1314527            ;29,32
31122020;I;1314540            ;211,65
31122020;I;1314549            ;33
31122020;I;1314598            ;51,5
31122020;I;1315598            ;19,38
31122020;I;1316527            ;1.038,09
31122020;I;1317527            ;964,3
31122020;I;1317551            ;54,59
31122020;I;1317584            ;386,57
31122020;I;13177094           ;162,59
31122020;I;1318527            ;964,3
31122020;I;1318551            ;75,75
31122020;I;1319527            ;1.402,47
31122020;I;1320527            ;1.463,77
31122020;I;1321527            ;30
31122020;I;13377096           ;70,33
31122020;I;1350598            ;104,7
31122020;I;1401526            ;106,81
31122020;I;1401527            ;153,56
31122020;I;1401535            ;55,78
31122020;I;1401540            ;16,1
31122020;I;1401545            ;193
31122020;I;1401549            ;57,72
31122020;I;1401551            ;69,88
31122020;I;1401582            ;120,19
31122020;I;1401584            ;85,68
31122020;I;1401590            ;225,51
31122020;I;1401591            ;242,65
31122020;I;1402526            ;207,2
31122020;I;1402527            ;179,3
31122020;I;1402535            ;544
31122020;I;1402549            ;53,96
31122020;I;1402551            ;30,64
31122020;I;1402584            ;509,56
31122020;I;1402598            ;208,49
31122020;I;1403526            ;172,31
31122020;I;1403527            ;56,95
31122020;I;1403531            ;234,1
31122020;I;1403535            ;385,7
31122020;I;1403549            ;193,1
31122020;I;1403584            ;328,63
31122020;I;1403598            ;83,5
31122020;I;1403598A           ;83,5
31122020;I;1404526            ;61,61
31122020;I;1404527            ;245
31122020;I;1404535            ;74,11
31122020;I;1404549            ;68,42
31122020;I;1404551            ;34,19
31122020;I;1404584            ;325,42
31122020;I;1404598            ;37,18
31122020;I;1405526            ;13
31122020;I;1405527            ;420
31122020;I;1405530            ;35,09
31122020;I;1405551            ;29,81
31122020;I;1405584            ;193,42
31122020;I;1405598            ;41,35
31122020;I;1406526            ;50,42
31122020;I;1406584            ;377,49
31122020;I;1406598            ;373,5
31122020;I;1407584            ;115,98
31122020;I;1407598            ;40,67
31122020;I;1408584            ;33,5
31122020;I;1408598            ;813,15
31122020;I;1501504            ;82,94
31122020;I;1501513            ;33,36
31122020;I;1501527            ;317,73
31122020;I;1502527            ;222,93
31122020;I;1701598            ;80,02
31122020;I;1717305            ;183,75
31122020;I;1901522            ;13,52
31122020;I;1901526            ;143
31122020;I;1901527            ;536,74
31122020;I;1901530            ;143
31122020;I;1901540            ;177,92
31122020;I;1902527            ;80
31122020;I;1902530            ;16
31122020;I;8001549            ;271,88
31122020;I;8001551            ;221,5
31122020;I;8001598            ;311,16
31122020;I;8002549            ;6.220
31122020;I;8002551            ;532,17
31122020;I;8002584            ;370
31122020;I;8003549            ;2.060
31122020;I;8003584            ;290,81
31122020;I;1001530            ;515
31122020;I;1001554            ;645
31122020;I;1001584            ;522
31122020;I;1001590            ;645
31122020;I;1002554            ;542
31122020;I;1003554            ;542
31122020;K;1401505/TH         ;1.954,81
31122020;K;90001052           ;1.328,93
31122020;K;9000511            ;85,01
31122020;K;9001105            ;447,99
31122020;K;9001106            ;1.779,78
31122020;A;14047110B          ;1.955,95
31122020;A;80027285/C         ;5.944,17
31122020;A;80027285/R         ;3.807,69
31122020;A;80027515           ;1.604,59
31122020;A;80077285/R         ;3.196,78
31122020;A;80607472           ;893,7
31122020;A;810007013          ;9.602,61
31122020;A;8100630C           ;77.023,48
31122020;A;81007061           ;43.541,51
31122020;A;81007097           ;68.392,93
31122020;A;81007104           ;11.048,92
31122020;A;81007286           ;10.650,63
31122020;A;81007291           ;14.998,62
31122020;A;81007292           ;14.102,44
31122020;A;81007293           ;15.566,09
31122020;A;81007295           ;17.038,62
31122020;A;81007296           ;19.310,38
31122020;A;81007326           ;14.475,02
31122020;A;81007328           ;18.233,72
31122020;A;81007330/R         ;17.261
31122020;A;81007382           ;98.576,69
31122020;A;81007442           ;10.447,83
31122020;A;81007443           ;13.017,88
31122020;A;81007444           ;10.523,69
31122020;A;81007445           ;13.268,21
31122020;A;81007446           ;12.782,43
31122020;A;81007447           ;17.112,08
31122020;A;81007513           ;73.618,36
31122020;A;81007513/R         ;76.390,54
31122020;A;81007514/R         ;14.361,42
31122020;A;81007514A          ;11.319,46
31122020;A;8100762A           ;45.138,59
31122020;A;810107013          ;10.699,34
31122020;A;810107533          ;73.346,63
31122020;A;810207013          ;10.160,01
31122020;A;810307013          ;10.258,33
31122020;A;810607013          ;10.976,27
31122020;A;13027291/C         ;52
31122020;A;1304790/C          ;32,83
31122020;A;13057285/C         ;121,5
31122020;A;13057291/C         ;157
31122020;A;13067291/C         ;143,5
31122020;A;13077285/C         ;16
31122020;A;13087291/C         ;101,4
31122020;A;14017285/C         ;70,1
31122020;A;14017291/C         ;82,1
31122020;A;1401790/C          ;121,48
31122020;A;14027285/C         ;117
31122020;A;14037285/C         ;105,9
31122020;A;14037287/C         ;213,2
31122020;A;1502701/C          ;30,52
31122020;A;19017066           ;510,6
31122020;A;80067285/C         ;976,7
31122020;A;80067287/C         ;3.237,51
31122020;C;130107013          ;474,77
31122020;C;13017287           ;137,03
31122020;C;13017308           ;370,41
31122020;C;130207013          ;842,77
31122020;C;130307013          ;461,54
31122020;C;130407013          ;960,64
31122020;C;13047285           ;170,63
31122020;C;13047291           ;1.186,07
31122020;C;13067095           ;449,57
31122020;C;13067285           ;811,79
31122020;C;13087232           ;461,4
31122020;C;130907013          ;461,86
31122020;C;13117095           ;439
31122020;C;13127110           ;470,4
31122020;C;13127115           ;396,41
31122020;C;1401680            ;4.826,1
31122020;C;14017061           ;3.246,7
31122020;C;14017095           ;2.781,09
31122020;C;14017326           ;2.011,05
31122020;C;1401740            ;5.191,39
31122020;C;1401760A           ;5.166,25
31122020;C;14027094           ;3.165,82
31122020;C;14047096           ;3.338,04
31122020;C;80007232           ;1.154,95
31122020;C;80007417           ;1.383,49
31122020;C;800107013          ;1.803,05
31122020;C;80017504           ;1.241,17
31122020;C;800207013          ;2.194,33
31122020;C;80037094           ;2.795,11
31122020;C;80037110           ;1.306,88
31122020;C;80037115           ;1.149,66
31122020;C;800407013          ;3.094,07
31122020;C;80047096           ;2.815,48
31122020;C;800507013          ;3.109,47
31122020;C;80057096           ;3.352,42
31122020;C;80057285           ;1.927,36
31122020;C;80057287           ;2.894,06
31122020;C;80057290           ;3.806,56
31122020;C;80057291           ;2.921,62
31122020;C;80057293           ;4.194,22
31122020;C;800607013          ;3.512,03
31122020;C;80067096           ;4.638,61
31122020;C;80067117           ;2.799,29
31122020;C;800707013          ;3.527,43
31122020;C;80077096           ;6.545,39
31122020;C;80117095           ;3.257,05
31122020;C;80127096           ;4.104,91
31122020;C;80147096           ;4.153,08
31122020;C;801607013          ;2.827,82
31122020;C;801707013          ;2.967,18
31122020;C;802907013          ;3.104,75
31122020;C;80367096           ;5.741,25
31122020;C;8201625            ;1.436,29
31122020;C;82017002           ;83,05
31122020;C;8201740            ;400,03
31122020;C;8201790            ;798,31
31122020;C;82027002           ;606,33
31122020;C;8202790            ;1.725,68
31122020;C;8203740            ;1.950,48
31122020;C;82047002           ;351,28
31122020;C;8204740            ;1.409,12
31122020;C;8205740            ;2.211,66
31122020;C;8401625            ;2.676,82
31122020;C;8401740            ;2.434,34
31122020;C;8401795            ;4.414,34
31122020;C;8402740            ;2.695,08
31122020;C;13137094           ;816,07
31122020;C;1403640            ;314,51
31122020;C;800107533          ;3.365,33
31122020;C;80017117           ;2.921,38
31122020;C;80027061           ;5.428,59
31122020;C;80027094           ;2.939,11
31122020;C;80027115           ;2.855,68
31122020;C;80067095           ;3.401,05
31122020;C;80067285           ;925,29
31122020;C;80067287           ;3.016,75
31122020;C;80067290           ;3.929,26
31122020;C;80067291           ;3.080,8
31122020;C;80067293           ;4.373,12
31122020;C;80087096           ;4.271,01
31122020;C;801007013          ;3.272,07
31122020;C;801107013          ;4.285,8
31122020;C;801207013          ;3.690,11
31122020;C;801307013          ;3.705,43
31122020;C;80167285           ;1.335,32
31122020;C;802507013          ;3.094,07
31122020;C;802607013          ;4.107,66
31122020;C;802707013          ;3.512,03
31122020;C;802807013          ;3.527,43
31122020;C;80377096           ;4.299,29
31122020;C;8501625            ;4.586,34
31122020;C;8501795            ;4.528,64
31122020;C;8502740            ;2.548,54
31122020;C;8502790            ;1.839,98
31122020;C;8601625            ;4.440,82
31122020;C;8601765            ;2.541,23
31122020;C;8901790            ;138,1
31122020;I;130107533          ;710
31122020;I;1301549            ;149,69
31122020;I;1301610            ;121,8
31122020;I;1301680            ;135,16
31122020;I;13017061           ;103,4
31122020;I;13017094           ;34,22
31122020;I;13017096           ;41,9
31122020;I;13017112           ;181,4
31122020;I;13017285           ;15,49
31122020;I;13017291           ;2.719,8
31122020;I;13017330           ;79,02
31122020;I;1301740            ;180,38
31122020;I;1301761            ;352,05
31122020;I;1301790            ;109,39
31122020;I;1301795            ;200,17
31122020;I;130207533          ;473,08
31122020;I;130207538          ;57,2
31122020;I;1302549            ;138,23
31122020;I;1302625            ;36,93
31122020;I;1302680            ;116,26
31122020;I;13027094           ;31,92
31122020;I;13027096           ;40,29
31122020;I;13027110           ;159,49
31122020;I;13027285           ;18
31122020;I;13027287           ;136,91
31122020;I;13027291           ;52,02
31122020;I;1302740            ;51,65
31122020;I;1302760A           ;301,77
31122020;I;1302790            ;17,4
31122020;I;1302795            ;171,26
31122020;I;130307533          ;2.174,84
31122020;I;13037061           ;57,59
31122020;I;13037094           ;29,54
31122020;I;13037096           ;140,52
31122020;I;13037285           ;15,5
31122020;I;1303740            ;192,94
31122020;I;130407533          ;299,41
31122020;I;1304615            ;133,76
31122020;I;13047061           ;178,49
31122020;I;13047095           ;180
31122020;I;13047096           ;104,35
31122020;I;13047330           ;90,48
31122020;I;1304790            ;32,84
31122020;I;13057061           ;31,31
31122020;I;13057096           ;91,6
31122020;I;13057110           ;61
31122020;I;13057285           ;121,46
31122020;I;13057291           ;157,01
31122020;I;13057330           ;116,86
31122020;I;1305740            ;357,44
31122020;I;1305790            ;21,4
31122020;I;130607013          ;258,3
31122020;I;13067061           ;210,7
31122020;I;13067094           ;22,61
31122020;I;13067096           ;56,97
31122020;I;13067291           ;137,2
31122020;I;13067330           ;85,89
31122020;I;1306740            ;75,4
31122020;I;13077061           ;29,39
31122020;I;13077094           ;128,1
31122020;I;13077095           ;230
31122020;I;13077096           ;54,54
31122020;I;13077110           ;65,79
31122020;I;13077285           ;16,03
31122020;I;13077291           ;130,99
31122020;I;1307740            ;985,46
31122020;I;13087061           ;12,8
31122020;I;13087094           ;89,09
31122020;I;13087095           ;152,05
31122020;I;13087096           ;1.270
31122020;I;13087291           ;101,42
31122020;I;1308740            ;18
31122020;I;13097061           ;2.375,29
31122020;I;13097094           ;54,41
31122020;I;13097095           ;49,39
31122020;I;13097096           ;970
31122020;I;13097291           ;200
31122020;I;1309732            ;29,29
31122020;I;1309740            ;20
31122020;I;13107061           ;156,15
31122020;I;13107096           ;209,61
31122020;I;1310740            ;75,34
31122020;I;1310770            ;14,97
31122020;I;131107013          ;102
31122020;I;13117096           ;78,48
31122020;I;131207013          ;128,68
31122020;I;13127094           ;27,98
31122020;I;13127096           ;169,97
31122020;I;1312740            ;58,46
31122020;I;131307013          ;140,9
31122020;I;13137096           ;606,87
31122020;I;1313740            ;63,3
31122020;I;131407013          ;156,3
31122020;I;13147096           ;278,42
31122020;I;13157094           ;31,92
31122020;I;13157096           ;51,46
31122020;I;1315740            ;48,8
31122020;I;131607013          ;49
31122020;I;13167094           ;93,08
31122020;I;13167096           ;19,51
31122020;I;1316740            ;289,15
31122020;I;131707013          ;35
31122020;I;13177096           ;690
31122020;I;1317740            ;49,24
31122020;I;131807013          ;38
31122020;I;13187096           ;690
31122020;I;1318740            ;336,54
31122020;I;131907013          ;134,63
31122020;I;13197096           ;160
31122020;I;132007013          ;107,8
31122020;I;13207096           ;752,59
31122020;I;13217096           ;563,52
31122020;I;132207013          ;55,5
31122020;I;13227096           ;564,3
31122020;I;132307013          ;187,3
31122020;I;13237096           ;2.121,72
31122020;I;132407013          ;76,47
31122020;I;13247096           ;455,7
31122020;I;132507013          ;274,22
31122020;I;13257096           ;767,99
31122020;I;13267096           ;862,2
31122020;I;13277096           ;147,95
31122020;I;13297096           ;479,67
31122020;I;13317096           ;39,57
31122020;I;13327096           ;46,88
31122020;I;13337096           ;185,94
31122020;I;13347096           ;130,02
31122020;I;13367096           ;1.633,12
31122020;I;13407096           ;291,8
31122020;I;13417096           ;14,98
31122020;I;140107013          ;183
31122020;I;14017094           ;146,39
31122020;I;14017096           ;67,49
31122020;I;14017285           ;70,1
31122020;I;14017291           ;82,11
31122020;I;14017330           ;300
31122020;I;1401761            ;20,96
31122020;I;1401764            ;77,02
31122020;I;1401767            ;234,46
31122020;I;1401790            ;121,46
31122020;I;1401795            ;265,39
31122020;I;140207013          ;266
31122020;I;14027285           ;117,01
31122020;I;1402740            ;160
31122020;I;1402760A           ;163,93
31122020;I;1402790            ;90,13
31122020;I;1403640/C1         ;221,71
31122020;I;14037285           ;105,9
31122020;I;14037287           ;213,21
31122020;I;14037330           ;29,27
31122020;I;1403790            ;87,13
31122020;I;14047094           ;67,71
31122020;I;14047330           ;25,51
31122020;I;1404740            ;41,82
31122020;I;1404760            ;41,85
31122020;I;1405740            ;95,3
31122020;I;1405790            ;138,4
31122020;I;1406790            ;117,1
31122020;I;14077094           ;137,39
31122020;I;1408740            ;64
31122020;I;14107110           ;172,7
31122020;I;1410740            ;92,34
31122020;I;1410770A           ;67,61
31122020;I;1413740            ;52,81
31122020;I;1414740            ;39,91
31122020;I;1415740            ;46,2
31122020;I;15017051           ;37,84
31122020;I;15017094           ;178,3
31122020;I;1501720            ;295,82
31122020;I;1501740            ;329,37
31122020;I;1501744            ;3.580
31122020;I;1501750            ;432,2
31122020;I;15024001           ;19,7
31122020;I;1502701            ;31,02
31122020;I;15027145           ;33,39
31122020;I;1502720            ;367,8
31122020;I;1503740            ;3.330
31122020;I;17017285           ;10,07
31122020;I;1701770            ;2,9
31122020;I;1701790            ;11,19
31122020;I;1702732            ;3,8
31122020;I;1901222            ;47.930
31122020;I;19017061           ;17.610
31122020;I;1901741            ;30.200
31122020;I;1901760            ;6.599,97
31122020;I;1901765            ;7.040
31122020;I;1901790            ;5.727,2
31122020;I;1901795            ;6.367,2
31122020;I;1902630            ;7.390
31122020;I;19027061           ;5.478
31122020;I;1902740            ;5.200
31122020;I;19037061           ;115,2
31122020;I;1903760            ;504,2
31122020;I;1907770            ;120,4
31122020;I;8001639            ;7.660
31122020;I;8001699            ;1.225,39
31122020;I;80017096           ;485,35
31122020;I;80017187           ;2.039,78
31122020;I;80017285           ;5.262,6
31122020;I;80017287           ;5.368,56
31122020;I;80017291           ;5.261,06
31122020;I;80017293           ;5.439,68
31122020;I;80017442           ;5.012,02
31122020;I;80017446           ;5.291,99
31122020;I;8001763            ;1.181,36
31122020;I;8001767            ;1.667,9
31122020;I;8002699            ;1.212,97
31122020;I;80027096           ;320,9
31122020;I;80027187           ;1.491,58
31122020;I;80027230           ;1.520,18
31122020;I;80027288           ;1.338,11
31122020;I;80027294           ;1.821,15
31122020;I;8002760A           ;603,44
31122020;I;8002763            ;1.281,33
31122020;I;8004767            ;2.041,07
31122020;I;80057095           ;321,7
31122020;I;80087095           ;466,03
31122020;I;8801740            ;152,23
31122020;I;100107013          ;575
31122020;I;100107531          ;635
31122020;I;10017094           ;542
31122020;I;10017095           ;542
31122020;I;10017110           ;542
31122020;I;10017287           ;645,01
31122020;I;10017326           ;1.360
31122020;I;10017326/C         ;1.536,17
31122020;I;10027110           ;2.426,86
31122020;I;100307013          ;575
31122020;I;1003725            ;542
31122020;I;10047285           ;644,99
31122020;I;10047291           ;605
31122020;I;100507013          ;0
31122020;I;10067285           ;577,01
31122020;I;100707013          ;0
31122020;I;10087232           ;555
31122020;I;1902790            ;1.497,92
31122020;I;1904640            ;1.981,3
31122020;K;90001036           ;615,01
31122020;K;9000128            ;319,52
31122020;K;9000154            ;2.124,38
31122020;K;9000157            ;578,45
31122020;K;9000158            ;560
31122020;K;9000300            ;23,88
31122020;K;9000510            ;164,51
31122020;K;9000512            ;11,48
31122020;A;80029053/R         ;1.348,22
31122020;A;810009054          ;12.813,29
31122020;A;810009055          ;11.533,32
31122020;A;81009049           ;5.224,9
31122020;A;81009049/C         ;5.173,26
31122020;A;81009049/R         ;9.551,79
31122020;A;81009051           ;9.121,1
31122020;A;81009051/R         ;9.472,04
31122020;A;8101304            ;6.731,02
31122020;A;8101311            ;5.766,95
31122020;A;81019007/C         ;4.900,66
31122020;A;81019025           ;10.339,31
31122020;A;81019026           ;9.842,77
31122020;A;81019027C          ;9.258,93
31122020;A;81019027C/C        ;9.653,25
31122020;A;81019038           ;3.789,82
31122020;A;81019039           ;3.966,67
31122020;A;81019039/C         ;4.267,5
31122020;A;81019043           ;10.985,89
31122020;A;81019044           ;9.695,13
31122020;A;81019048           ;10.510,22
31122020;A;81019050           ;10.556,23
31122020;A;8101961            ;4.763,03
31122020;A;8101961/C          ;4.765,95
31122020;A;8101997            ;5.708,98
31122020;A;8101997/C1         ;5.701,06
31122020;A;8101997/R          ;5.941,82
31122020;A;1301955/C          ;22,14
31122020;A;140109058/C        ;0
31122020;A;140109059/C        ;0
31122020;A;14019020           ;495,33
31122020;A;1401962            ;760
31122020;A;1401962/RP         ;1.880
31122020;A;140209058/C        ;0
31122020;A;140209059/C        ;0
31122020;A;140309058/C        ;0
31122020;A;14039053           ;543,2
31122020;A;140409058/C        ;0
31122020;A;14049053           ;3.695,7
31122020;A;1715305            ;175
31122020;A;80019053           ;4.799,9
31122020;A;80029053           ;1.348,22
31122020;A;80039053           ;6.941,81
31122020;A;1601916/C          ;650,32
31122020;A;1603305/R          ;2.412,54
31122020;A;16039053/C         ;1.664,03
31122020;A;16039053/R         ;2.474,15
31122020;A;1603916/C          ;293,72
31122020;A;1603923/C3         ;951,03
31122020;A;16049053/C         ;505,8
31122020;A;16069053/C         ;471,46
31122020;A;16109007/C2        ;391,24
31122020;A;80019053/R         ;17.639,9
31122020;A;810009056          ;9.683,69
31122020;A;8100309/C          ;11.941,81
31122020;A;81009030E          ;22.727,17
31122020;A;81009036C          ;22.493,82
31122020;A;81009046           ;8.326,69
31122020;A;81009047           ;7.452,16
31122020;A;81009047/C         ;7.478,15
31122020;A;8106937/RP         ;2.681,42
31122020;A;8106937/TU         ;2.065,7
31122020;A;8130937/RP         ;2.601,68
31122020;A;8140937            ;2.023,56
31122020;A;8140937/RP         ;2.977,72
31122020;A;8140937/TU         ;2.023,57
31122020;C;13019007           ;207,83
31122020;C;13019025           ;400,15
31122020;C;13019027           ;254,41
31122020;C;13019044           ;431,48
31122020;C;13019049           ;329,98
31122020;C;1301961            ;137,16
31122020;C;13029025           ;638,12
31122020;C;13029027           ;507,12
31122020;C;13029044           ;287,76
31122020;C;13039025           ;606,66
31122020;C;13039027           ;480,59
31122020;C;13049027C          ;426,63
31122020;C;13059027C          ;426,63
31122020;C;80019025           ;4.941,39
31122020;C;80019026           ;4.542,87
31122020;C;80019027C          ;4.502,59
31122020;C;80019044           ;5.220,37
31122020;C;80019049           ;2.903,25
31122020;C;80039044           ;819,15
31122020;C;81019046           ;4.687,56
31122020;C;8107961            ;2.762,04
31122020;C;8201937            ;400,46
31122020;C;8201969            ;203,14
31122020;C;8201978            ;542,87
31122020;C;8201997            ;232,2
31122020;C;8202961            ;224,16
31122020;C;8202978            ;282,32
31122020;C;8202997            ;306,55
31122020;C;8203961            ;224,02
31122020;C;8203978            ;150,18
31122020;C;8204961            ;233,36
31122020;C;8204997            ;442,68
31122020;C;8205961            ;158,54
31122020;C;1301304A           ;1.820
31122020;C;1301978/C          ;251,03
31122020;C;1310917/C          ;195,43
31122020;C;800209056          ;5.453,48
31122020;C;80029007           ;2.997,6
31122020;C;80029025           ;5.223,8
31122020;C;80029026           ;4.808,76
31122020;C;80029027C          ;4.767,07
31122020;C;80029038           ;1.075,15
31122020;C;80029044           ;5.487,29
31122020;C;80029048           ;5.447,86
31122020;C;80039049           ;3.213,95
31122020;C;8303978            ;53,43
31122020;C;8501931            ;618,15
31122020;C;8501961            ;2.942,44
31122020;C;8501997            ;297,21
31122020;C;8502978            ;351,53
31122020;C;8502997            ;377,35
31122020;C;8504997            ;528,69
31122020;C;8801978            ;843,05
31122020;I;130109055          ;545,98
31122020;I;1301304            ;1.630
31122020;I;13019048           ;125
31122020;I;1301917            ;23,15
31122020;I;1301955            ;22,14
31122020;I;1301962            ;44,39
31122020;I;1301977            ;28,46
31122020;I;1301978            ;244,6
31122020;I;13029007           ;242,64
31122020;I;1302961            ;285,02
31122020;I;1302977            ;311,43
31122020;I;1302978            ;131,2
31122020;I;13039007           ;259,49
31122020;I;13039044           ;79,6
31122020;I;1303915            ;336,08
31122020;I;1303916            ;66,72
31122020;I;1303961            ;74,41
31122020;I;1303978            ;48,54
31122020;I;1303978/C          ;48,54
31122020;I;13049007           ;285,02
31122020;I;13049025           ;52
31122020;I;13049044           ;38,7
31122020;I;1304961            ;258,89
31122020;I;1305961            ;29,6
31122020;I;13069044           ;326,23
31122020;I;1306915            ;217,94
31122020;I;1306933            ;64,61
31122020;I;1306961            ;233,55
31122020;I;13079044           ;296,33
31122020;I;1307961            ;20,38
31122020;I;13089025           ;260,8
31122020;I;1308961            ;30,81
31122020;I;13109025           ;97,19
31122020;I;13109050           ;469,29
31122020;I;1310917            ;189
31122020;I;13119025           ;25
31122020;I;13119027           ;126,99
31122020;I;1311917            ;31,24
31122020;I;13129025           ;37,5
31122020;I;13129027           ;950
31122020;I;13139025           ;59,87
31122020;I;13149025           ;1.120,46
31122020;I;13149026           ;980
31122020;I;1319740            ;48,17
31122020;I;1320740            ;100,81
31122020;I;14019006           ;32,2
31122020;I;14019014           ;1.433
31122020;I;14019014/R         ;3.805
31122020;I;14019025           ;189,38
31122020;I;14019030           ;2.105
31122020;I;1401966            ;2.007,7
31122020;I;1401978            ;294,9
31122020;I;14029027           ;186,98
31122020;I;1402907            ;39,8
31122020;I;1402917            ;45,7
31122020;I;1402920            ;125
31122020;I;14039025           ;189
31122020;I;1403915            ;193,12
31122020;I;1404917            ;252,51
31122020;I;1404932            ;7
31122020;I;1406937            ;112
31122020;I;1418937            ;33,8
31122020;I;1501968            ;50
31122020;I;1601305            ;1.289,86
31122020;I;1601306            ;1.229,68
31122020;I;1601307            ;1.619,46
31122020;I;16019028           ;1.079,68
31122020;I;16019030           ;2.061,66
31122020;I;16019045           ;1.596,94
31122020;I;16019046           ;690,76
31122020;I;1601916            ;625,32
31122020;I;1602305            ;947,01
31122020;I;1602306            ;1.239,81
31122020;I;1602307            ;759,8
31122020;I;16029007G          ;1.810,07
31122020;I;16029013           ;137,01
31122020;I;1603305            ;1.748,54
31122020;I;16039053           ;1.637,72
31122020;I;1603916            ;282,72
31122020;I;1603933            ;592,07
31122020;I;16049053           ;496,2
31122020;I;1605943            ;83
31122020;I;16069053           ;461,84
31122020;I;16109007           ;333,38
31122020;I;16109007A          ;364,24
31122020;I;170109054          ;69,8
31122020;I;170109055          ;45,2
31122020;I;1701304            ;48,5
31122020;I;1701311            ;31,94
31122020;I;17019006           ;33,69
31122020;I;17019007           ;11,01
31122020;I;17019025           ;29,7
31122020;I;17019026           ;45,2
31122020;I;17019027           ;30,76
31122020;I;17019027C          ;48,1
31122020;I;17019034           ;23,91
31122020;I;17019043           ;59,83
31122020;I;17019044           ;45,77
31122020;I;17019046           ;0
31122020;I;17019048           ;44,68
31122020;I;17019049           ;21,19
31122020;I;17019050           ;45,25
31122020;I;17019051           ;53,14
31122020;I;17019052           ;78,19
31122020;I;1701961            ;13,09
31122020;I;1701978            ;14,4
31122020;I;1701997            ;17,65
31122020;I;1702311            ;35,95
31122020;I;17029046           ;84,84
31122020;I;17029049           ;22,15
31122020;I;17029051           ;98,79
31122020;I;1702935            ;59
31122020;I;17109025           ;50,74
31122020;I;1901306A           ;10.816,79
31122020;I;19019025           ;155,89
31122020;I;1901932            ;111,32
31122020;I;8100309            ;11.450,62
31122020;I;8104937            ;833,1
31122020;I;10019007           ;555
31122020;I;10019025           ;577
31122020;I;10019027           ;605
31122020;I;10019044           ;577
31122020;I;1001922            ;505
31122020;I;1001969            ;505
31122020;I;1001977            ;505
31122020;I;1001978            ;540
31122020;I;10029025           ;577,02
31122020;I;10029027           ;576,99
31122020;I;1002961            ;522
31122020;I;1002977            ;522
31122020;I;1002978            ;542
31122020;I;10039025           ;576,99
31122020;I;10039027           ;577
31122020;I;10049027           ;635
31122020;I;1004997            ;605
31122020;I;1006961            ;541,99
31122020;I;1901306A/R         ;12.071,04
31122020;K;1903526            ;79,79
31122020;K;90001040           ;470
31122020;K;9000139            ;883,07
31122020;K;9000144            ;401,59
31122020;K;9000506            ;103,59
31122020;K;9000507            ;94,01
